Sequence 1	Sequence2	Percentage of differences	NA
COV026530	COV026530	0	[0,0.05)
COV026531	COV026530	0	[0,0.05)
COV026532	COV026530	0.00675470296193725	[0,0.05)
COV026530	COV026531	0	[0,0.05)
COV026531	COV026531	0	[0,0.05)
COV026532	COV026531	0.00675470296193725	[0,0.05)
COV026530	COV026532	0.00675470296193725	[0,0.05)
COV026531	COV026532	0.00675470296193725	[0,0.05)
COV026532	COV026532	0	[0,0.05)
