REGION	POS	REF	ALT	REF_DP	REF_RV	REF_QUAL	ALT_DP	ALT_RV	ALT_QUAL	ALT_FREQ	TOTAL_DP	PVAL	PASS	GFF_FEATURE	REF_CODON	REF_AA	ALT_CODON	ALT_AA
MN908947.3	241	C	T	0	0	0	1009	229	52	1.0	1009	0.0	True					
MN908947.3	2706	C	T	3	1	48	1047	180	55	0.997143	1050	0.0	True	cds-QHD43415.1	ACA	T	ATA	I
MN908947.3	3037	C	T	0	0	0	2186	630	52	1.0	2186	0.0	True	cds-QHD43415.1	TTC	F	TTT	F
MN908947.3	11417	G	T	12	0	44	2745	542	55	0.995286	2758	0.0	True	cds-QHD43415.1	GTT	V	TTT	F
MN908947.3	14247	T	C	11	5	52	2790	1108	54	0.996073	2801	0.0	True	cds-QHD43415.1	GAT	D	GAC	D
MN908947.3	14408	C	T	2	0	49	2557	562	51	0.999218	2559	0.0	True	cds-QHD43415.1	CCT	P	CTT	L
MN908947.3	20268	A	G	1	0	72	30	10	52	0.967742	31	1.4647799999999998e-20	True	cds-QHD43415.1	TTA	L	TTG	L
MN908947.3	23403	A	G	0	0	0	1379	485	57	1.0	1379	0.0	True	cds-QHD43416.1	GAT	D	GGT	G
MN908947.3	25038	A	T	14	8	53	1835	895	54	0.9924280000000001	1849	0.0	True	cds-QHD43416.1	CAT	H	CTT	L
MN908947.3	25731	C	T	6	1	60	509	125	57	0.986434	516	0.0	True	cds-QHD43417.1	TAC	Y	TAT	Y
MN908947.3	28253	C	T	8	1	49	1104	226	50	0.992806	1112	0.0	True	cds-QHD43422.1	TTC	F	TTT	F
MN908947.3	28833	C	T	1	0	72	131	12	55	0.992424	132	9.964069999999998e-97	True	cds-QHD43423.2	TCA	S	TTA	L
