REGION	POS	REF	ALT	REF_DP	REF_RV	REF_QUAL	ALT_DP	ALT_RV	ALT_QUAL	ALT_FREQ	TOTAL_DP	PVAL	PASS	GFF_FEATURE	REF_CODON	REF_AA	ALT_CODON	ALT_AA
MN908947.3	241	C	T	0	0	0	1937	397	53	1.0	1937	0.0	True					
MN908947.3	2706	C	T	1	0	68	1077	192	55	0.999072	1078	0.0	True	cds-QHD43415.1	ACA	T	ATA	I
MN908947.3	3037	C	T	0	0	0	1060	275	53	1.0	1060	0.0	True	cds-QHD43415.1	TTC	F	TTT	F
MN908947.3	11417	G	T	0	0	0	1773	402	58	0.9994360000000001	1774	0.0	True	cds-QHD43415.1	GTT	V	TTT	F
MN908947.3	14247	T	C	1	1	32	2886	1179	56	0.999654	2887	0.0	True	cds-QHD43415.1	GAT	D	GAC	D
MN908947.3	14408	C	T	0	0	0	2036	423	53	1.0	2036	0.0	True	cds-QHD43415.1	CCT	P	CTT	L
MN908947.3	20268	A	G	0	0	0	464	135	58	1.0	464	0.0	True	cds-QHD43415.1	TTA	L	TTG	L
MN908947.3	22673	T	C	0	0	0	1731	242	56	1.0	1731	0.0	True	cds-QHD43416.1	TCC	S	CCC	P
MN908947.3	23403	A	G	0	0	0	2577	815	58	0.9996120000000001	2578	0.0	True	cds-QHD43416.1	GAT	D	GGT	G
MN908947.3	25038	A	T	0	0	0	2660	1131	56	1.0	2660	0.0	True	cds-QHD43416.1	CAT	H	CTT	L
MN908947.3	25152	T	A	44	17	56	1416	465	55	0.969199	1461	0.0	True	cds-QHD43416.1	CTC	L	CAC	H
MN908947.3	25731	C	T	3	2	70	1274	305	58	0.99687	1278	0.0	True	cds-QHD43417.1	TAC	Y	TAT	Y
MN908947.3	26257	G	T	30	16	56	1613	864	55	0.981741	1643	0.0	True	cds-QHD43418.1	GTT	V	TTT	F
MN908947.3	28253	C	T	6	4	32	1692	323	51	0.996466	1698	0.0	True	cds-QHD43422.1	TTC	F	TTT	F
MN908947.3	28833	C	T	0	0	0	334	37	55	1.0	334	2.738589999999999e-253	True	cds-QHD43423.2	TCA	S	TTA	L
