REGION	POS	REF	ALT	REF_DP	REF_RV	REF_QUAL	ALT_DP	ALT_RV	ALT_QUAL	ALT_FREQ	TOTAL_DP	PVAL	PASS	GFF_FEATURE	REF_CODON	REF_AA	ALT_CODON	ALT_AA
MN908947.3	241	C	T	0	0	0	2309	374	54	1.0	2309	0.0	True					
MN908947.3	3037	C	T	0	0	0	884	191	54	1.0	884	0.0	True	cds-QHD43415.1	TTC	F	TTT	F
MN908947.3	11417	G	T	3	2	72	1266	344	59	0.9976360000000001	1269	0.0	True	cds-QHD43415.1	GTT	V	TTT	F
MN908947.3	14408	C	T	0	0	0	1412	283	54	1.0	1412	0.0	True	cds-QHD43415.1	CCT	P	CTT	L
MN908947.3	23403	A	G	0	0	0	2131	546	60	0.999531	2132	0.0	True	cds-QHD43416.1	GAT	D	GGT	G
MN908947.3	25038	A	T	363	134	55	1804	799	58	0.8324870000000001	2167	0.0	True	cds-QHD43416.1	CAT	H	CTT	L
MN908947.3	28833	C	T	6	2	56	480	55	58	0.987654	486	0.0	True	cds-QHD43423.2	TCA	S	TTA	L
MN908947.3	29870	C	A	1	0	32	350	339	35	0.997151	351	4.179469999999998e-218	True					
