REGION	POS	REF	ALT	REF_DP	REF_RV	REF_QUAL	ALT_DP	ALT_RV	ALT_QUAL	ALT_FREQ	TOTAL_DP	PVAL	PASS	GFF_FEATURE	REF_CODON	REF_AA	ALT_CODON	ALT_AA
MN908947.3	241	C	T	0	0	0	1937	397	53	1	1937	0	TRUE	NA	NA	NA	NA	NA
MN908947.3	2706	C	T	1	0	68	1077	192	55	0.999072	1078	0	TRUE	cds-QHD43415.1	ACA	T	ATA	I
MN908947.3	3037	C	T	0	0	0	1060	275	53	1	1060	0	TRUE	cds-QHD43415.1	TTC	F	TTT	F
MN908947.3	6696	C	+T	1571	412	52	143	0	20	0.0596082	2399	1.10834e-33	TRUE	NA	NA	NA	NA	NA
MN908947.3	9165	C	T	881	277	58	956	341	56	0.520414	1837	0	TRUE	cds-QHD43415.1	ACC	T	ATC	I
MN908947.3	10533	G	T	851	156	54	605	127	51	0.415522	1456	1.93461e-287	TRUE	cds-QHD43415.1	TGT	C	TTT	F
MN908947.3	11417	G	T	0	0	0	1773	402	58	0.999436	1774	0	TRUE	cds-QHD43415.1	GTT	V	TTT	F
MN908947.3	13012	A	C	1442	341	54	836	266	52	0.366828	2279	0	TRUE	cds-QHD43415.1	ACA	T	ACC	T
MN908947.3	14103	T	C	1133	244	51	1092	197	51	0.490787	2225	0	TRUE	cds-QHD43415.1	GAT	D	GAC	D
MN908947.3	14247	T	C	1	1	32	2886	1179	56	0.999654	2887	0	TRUE	cds-QHD43415.1	GAT	D	GAC	D
MN908947.3	14408	C	T	0	0	0	2036	423	53	1	2036	0	TRUE	cds-QHD43415.1	CCT	P	CTT	L
MN908947.3	20268	A	G	0	0	0	464	135	58	1	464	0	TRUE	cds-QHD43415.1	TTA	L	TTG	L
MN908947.3	22673	T	C	0	0	0	1731	242	56	1	1731	0	TRUE	cds-QHD43416.1	TCC	S	CCC	P
MN908947.3	23403	A	G	0	0	0	2577	815	58	0.999612	2578	0	TRUE	cds-QHD43416.1	GAT	D	GGT	G
MN908947.3	25038	A	T	0	0	0	2660	1131	56	1	2660	0	TRUE	cds-QHD43416.1	CAT	H	CTT	L
MN908947.3	25152	T	A	44	17	56	1416	465	55	0.969199	1461	0	TRUE	cds-QHD43416.1	CTC	L	CAC	H
MN908947.3	25731	C	T	3	2	70	1274	305	58	0.99687	1278	0	TRUE	cds-QHD43417.1	TAC	Y	TAT	Y
MN908947.3	26257	G	T	30	16	56	1613	864	55	0.981741	1643	0	TRUE	cds-QHD43418.1	GTT	V	TTT	F
MN908947.3	28253	C	T	6	4	32	1692	323	51	0.996466	1698	0	TRUE	cds-QHD43422.1	TTC	F	TTT	F
MN908947.3	28833	C	T	0	0	0	334	37	55	1	334	2.73859e-253	TRUE	cds-QHD43423.2	TCA	S	TTA	L
