REGION	POS	REF	ALT	REF_DP	REF_RV	REF_QUAL	ALT_DP	ALT_RV	ALT_QUAL	ALT_FREQ	TOTAL_DP	PVAL	PASS	GFF_FEATURE	REF_CODON	REF_AA	ALT_CODON	ALT_AA
MN908947.3	222	C	T	0	0	0	588	50	72	1	588	0	TRUE	NA	NA	NA	NA	NA
MN908947.3	241	C	T	0	0	0	566	39	71	1	566	0	TRUE	NA	NA	NA	NA	NA
MN908947.3	445	T	C	0	0	0	1063	252	69	1	1063	0	TRUE	cds-QHD43415.1	GTT	V	GTC	V
MN908947.3	3037	C	T	0	0	0	1118	106	72	1	1118	0	TRUE	cds-QHD43415.1	TTC	F	TTT	F
MN908947.3	6286	C	T	2	1	69	2290	926	67	0.999127	2292	0	TRUE	cds-QHD43415.1	ACC	T	ACT	T
MN908947.3	10833	C	T	0	0	0	1293	232	70	1	1293	0	TRUE	cds-QHD43415.1	GCC	A	GTC	V
MN908947.3	11458	T	C	0	0	0	1342	378	69	1	1342	0	TRUE	cds-QHD43415.1	ATT	I	ATC	I
MN908947.3	14408	C	T	0	0	0	1433	109	73	1	1433	0	TRUE	cds-QHD43415.1	CCT	P	CTT	L
MN908947.3	16308	C	T	1	0	76	1098	163	73	0.99909	1099	0	TRUE	cds-QHD43415.1	TTC	F	TTT	F
MN908947.3	21255	G	C	0	0	0	93	11	71	1	93	2.62904e-75	TRUE	cds-QHD43415.1	GCG	A	GCC	A
MN908947.3	21595	C	T	1	0	76	461	83	70	0.997835	462	0	TRUE	cds-QHD43416.1	GTC	V	GTT	V
MN908947.3	21867	G	T	189	30	70	866	69	72	0.820853	1055	0	TRUE	cds-QHD43416.1	AGA	R	ATA	I
MN908947.3	22227	C	T	0	0	0	810	120	69	0.998767	811	0	TRUE	cds-QHD43416.1	GCT	A	GTT	V
MN908947.3	23403	A	G	0	0	0	1558	255	68	1	1558	0	TRUE	cds-QHD43416.1	GAT	D	GGT	G
MN908947.3	25420	A	G	0	0	0	1495	343	65	1	1495	0	TRUE	cds-QHD43417.1	ATT	I	GTT	V
MN908947.3	26801	C	G	0	0	0	1445	361	64	1	1445	0	TRUE	cds-QHD43419.1	CTC	L	CTG	L
MN908947.3	28932	C	T	0	0	0	503	78	68	1	503	0	TRUE	cds-QHD43423.2	GCT	A	GTT	V
MN908947.3	29402	G	T	0	0	0	813	244	66	1	813	0	TRUE	cds-QHD43423.2	GAT	D	TAT	Y
MN908947.3	29645	G	T	0	0	0	863	146	69	1	863	0	TRUE	cds-QHI42199.1	GTA	V	TTA	L
