REGION	POS	REF	ALT	REF_DP	REF_RV	REF_QUAL	ALT_DP	ALT_RV	ALT_QUAL	ALT_FREQ	TOTAL_DP	PVAL	PASS	GFF_FEATURE	REF_CODON	REF_AA	ALT_CODON	ALT_AA
MN908947.3	222	C	T	0	0	0	397	27	72	1	397	0	TRUE	NA	NA	NA	NA	NA
MN908947.3	241	C	T	0	0	0	405	22	71	1	405	0	TRUE	NA	NA	NA	NA	NA
MN908947.3	445	T	C	0	0	0	796	169	69	1	796	0	TRUE	cds-QHD43415.1	GTT	V	GTC	V
MN908947.3	3037	C	T	0	0	0	937	82	72	1	937	0	TRUE	cds-QHD43415.1	TTC	F	TTT	F
MN908947.3	6286	C	T	0	0	0	1831	777	68	1	1831	0	TRUE	cds-QHD43415.1	ACC	T	ACT	T
MN908947.3	10833	C	T	0	0	0	1133	217	69	0.999118	1134	0	TRUE	cds-QHD43415.1	GCC	A	GTC	V
MN908947.3	11458	T	C	0	0	0	1100	270	68	1	1100	0	TRUE	cds-QHD43415.1	ATT	I	ATC	I
MN908947.3	14408	C	T	0	0	0	1116	98	73	1	1116	0	TRUE	cds-QHD43415.1	CCT	P	CTT	L
MN908947.3	16308	C	T	0	0	0	1077	154	73	1	1077	0	TRUE	cds-QHD43415.1	TTC	F	TTT	F
MN908947.3	21255	G	C	0	0	0	124	16	71	1	124	4.75414e-100	TRUE	cds-QHD43415.1	GCG	A	GCC	A
MN908947.3	21595	C	T	1	0	73	634	96	70	0.998425	635	0	TRUE	cds-QHD43416.1	GTC	V	GTT	V
MN908947.3	22227	C	T	0	0	0	786	124	68	1	786	0	TRUE	cds-QHD43416.1	GCT	A	GTT	V
MN908947.3	23403	A	G	0	0	0	1175	173	68	0.99915	1176	0	TRUE	cds-QHD43416.1	GAT	D	GGT	G
MN908947.3	25420	A	G	0	0	0	1135	269	65	0.99912	1136	0	TRUE	cds-QHD43417.1	ATT	I	GTT	V
MN908947.3	26801	C	G	0	0	0	1108	254	65	1	1108	0	TRUE	cds-QHD43419.1	CTC	L	CTG	L
MN908947.3	28932	C	T	0	0	0	526	88	68	1	526	0	TRUE	cds-QHD43423.2	GCT	A	GTT	V
MN908947.3	29402	G	T	0	0	0	701	225	67	1	701	0	TRUE	cds-QHD43423.2	GAT	D	TAT	Y
MN908947.3	29645	G	T	0	0	0	948	123	70	1	948	0	TRUE	cds-QHI42199.1	GTA	V	TTA	L
