REGION	POS	REF	ALT	REF_DP	REF_RV	REF_QUAL	ALT_DP	ALT_RV	ALT_QUAL	ALT_FREQ	TOTAL_DP	PVAL	PASS	GFF_FEATURE	REF_CODON	REF_AA	ALT_CODON	ALT_AA
MN908947.3	241	C	T	0	0	0	436	23	71	1	436	0	TRUE	NA	NA	NA	NA	NA
MN908947.3	445	T	C	0	0	0	822	194	69	1	822	0	TRUE	cds-QHD43415.1	GTT	V	GTC	V
MN908947.3	1513	C	T	0	0	0	559	81	70	1	559	0	TRUE	cds-QHD43415.1	TGC	C	TGT	C
MN908947.3	3037	C	T	0	0	0	1001	98	72	1	1001	0	TRUE	cds-QHD43415.1	TTC	F	TTT	F
MN908947.3	5183	C	T	0	0	0	508	85	68	1	508	0	TRUE	cds-QHD43415.1	CCT	P	TCT	S
MN908947.3	5878	C	T	0	0	0	857	136	65	1	857	0	TRUE	cds-QHD43415.1	AAC	N	AAT	N
MN908947.3	6286	C	T	1	0	23	1936	736	68	0.999484	1937	0	TRUE	cds-QHD43415.1	ACC	T	ACT	T
MN908947.3	12268	G	A	0	0	0	848	200	72	0.998822	849	0	TRUE	cds-QHD43415.1	TTG	L	TTA	L
MN908947.3	14408	C	T	0	0	0	1086	78	73	1	1086	0	TRUE	cds-QHD43415.1	CCT	P	CTT	L
MN908947.3	20302	G	A	0	0	0	394	101	70	1	394	0	TRUE	cds-QHD43415.1	GAA	E	AAA	K
MN908947.3	21255	G	C	0	0	0	141	14	72	1	141	2.63001e-114	TRUE	cds-QHD43415.1	GCG	A	GCC	A
MN908947.3	22227	C	T	0	0	0	776	145	67	1	776	0	TRUE	cds-QHD43416.1	GCT	A	GTT	V
MN908947.3	22346	G	T	0	0	0	93	46	60	1	93	3.01632e-69	TRUE	cds-QHD43416.1	GCT	A	TCT	S
MN908947.3	22377	C	T	0	0	0	101	36	69	1	101	4.46297e-80	TRUE	cds-QHD43416.1	CCT	P	CTT	L
MN908947.3	23403	A	G	1	0	59	1225	191	69	0.99837	1227	0	TRUE	cds-QHD43416.1	GAT	D	GGT	G
MN908947.3	25538	G	T	0	0	0	1078	154	69	1	1078	0	TRUE	cds-QHD43417.1	GGC	G	GTC	V
MN908947.3	25593	G	C	0	0	0	1018	276	64	1	1018	0	TRUE	cds-QHD43417.1	AAG	K	AAC	N
MN908947.3	26801	C	G	0	0	0	1062	244	65	1	1062	0	TRUE	cds-QHD43419.1	CTC	L	CTG	L
MN908947.3	28932	C	T	0	0	0	464	81	67	1	464	0	TRUE	cds-QHD43423.2	GCT	A	GTT	V
MN908947.3	29645	G	T	1	1	72	540	88	68	0.998152	541	0	TRUE	cds-QHI42199.1	GTA	V	TTA	L
