REGION	POS	REF	ALT	REF_DP	REF_RV	REF_QUAL	ALT_DP	ALT_RV	ALT_QUAL	ALT_FREQ	TOTAL_DP	PVAL	PASS	GFF_FEATURE	REF_CODON	REF_AA	ALT_CODON	ALT_AA
MN908947.3	42	T	A	16	12	43	1	1	38	0.0588235	17	0.472222	FALSE	NA	NA	NA	NA	NA
MN908947.3	222	C	T	0	0	0	447	33	73	1	447	0	TRUE	NA	NA	NA	NA	NA
MN908947.3	241	C	T	0	0	0	433	24	72	1	433	0	TRUE	NA	NA	NA	NA	NA
MN908947.3	445	T	C	1	1	62	913	172	69	0.998906	914	0	TRUE	cds-QHD43415.1	GTT	V	GTC	V
MN908947.3	3037	C	T	0	0	0	1092	98	71	1	1092	0	TRUE	cds-QHD43415.1	TTC	F	TTT	F
MN908947.3	6286	C	T	4	3	61	2073	863	68	0.998074	2077	0	TRUE	cds-QHD43415.1	ACC	T	ACT	T
MN908947.3	10833	C	T	0	0	0	1269	228	69	1	1269	0	TRUE	cds-QHD43415.1	GCC	A	GTC	V
MN908947.3	11458	T	C	1	1	76	1229	364	68	0.999187	1230	0	TRUE	cds-QHD43415.1	ATT	I	ATC	I
MN908947.3	14408	C	T	0	0	0	1244	83	73	1	1244	0	TRUE	cds-QHD43415.1	CCT	P	CTT	L
MN908947.3	16308	C	T	1	0	72	1089	153	73	0.999083	1090	0	TRUE	cds-QHD43415.1	TTC	F	TTT	F
MN908947.3	21255	G	C	0	0	0	112	21	71	0.99115	113	7.60637e-91	TRUE	cds-QHD43415.1	GCG	A	GCC	A
MN908947.3	21595	C	T	0	0	0	549	90	70	1	549	0	TRUE	cds-QHD43416.1	GTC	V	GTT	V
MN908947.3	22227	C	T	0	0	0	819	154	67	1	819	0	TRUE	cds-QHD43416.1	GCT	A	GTT	V
MN908947.3	23403	A	G	0	0	0	1313	180	69	1	1313	0	TRUE	cds-QHD43416.1	GAT	D	GGT	G
MN908947.3	25420	A	G	0	0	0	1146	313	65	1	1146	0	TRUE	cds-QHD43417.1	ATT	I	GTT	V
MN908947.3	26801	C	G	0	0	0	1187	273	65	1	1187	0	TRUE	cds-QHD43419.1	CTC	L	CTG	L
MN908947.3	28932	C	T	0	0	0	519	83	68	1	519	0	TRUE	cds-QHD43423.2	GCT	A	GTT	V
MN908947.3	29402	G	T	0	0	0	743	232	66	1	743	0	TRUE	cds-QHD43423.2	GAT	D	TAT	Y
MN908947.3	29645	G	T	1	0	76	851	142	69	0.998826	852	0	TRUE	cds-QHI42199.1	GTA	V	TTA	L
