REGION	POS	REF	ALT	REF_DP	REF_RV	REF_QUAL	ALT_DP	ALT_RV	ALT_QUAL	ALT_FREQ	TOTAL_DP	PVAL	PASS	GFF_FEATURE	REF_CODON	REF_AA	ALT_CODON	ALT_AA
MN908947.3	241	C	T	0	0	0	219	11	72	1	219	1.51118e-178	TRUE	NA	NA	NA	NA	NA
MN908947.3	445	T	C	0	0	0	789	173	67	1	789	0	TRUE	cds-QHD43415.1	GTT	V	GTC	V
MN908947.3	1513	C	T	1	0	75	604	102	69	0.998347	605	0	TRUE	cds-QHD43415.1	TGC	C	TGT	C
MN908947.3	3037	C	T	0	0	0	1035	114	72	1	1035	0	TRUE	cds-QHD43415.1	TTC	F	TTT	F
MN908947.3	5183	C	T	0	0	0	613	100	68	1	613	0	TRUE	cds-QHD43415.1	CCT	P	TCT	S
MN908947.3	5878	C	T	2	1	57	812	136	64	0.996319	815	0	TRUE	cds-QHD43415.1	AAC	N	AAT	N
MN908947.3	5980	T	G	12	2	59	1	0	72	0.0769231	13	0.393939	FALSE	cds-QHD43415.1	TCT	S	TCG	S
MN908947.3	6286	C	T	0	0	0	1963	715	66	1	1963	0	TRUE	cds-QHD43415.1	ACC	T	ACT	T
MN908947.3	9491	C	T	43	39	38	854	236	59	0.952062	897	0	TRUE	cds-QHD43415.1	CAT	H	TAT	Y
MN908947.3	12268	G	A	1	0	76	867	177	71	0.998848	868	0	TRUE	cds-QHD43415.1	TTG	L	TTA	L
MN908947.3	14408	C	T	0	0	0	1115	76	73	0.999104	1116	0	TRUE	cds-QHD43415.1	CCT	P	CTT	L
MN908947.3	20302	G	A	1	0	74	409	104	69	0.997561	410	0	TRUE	cds-QHD43415.1	GAA	E	AAA	K
MN908947.3	21255	G	C	0	0	0	162	27	71	1	162	1.62941e-131	TRUE	cds-QHD43415.1	GCG	A	GCC	A
MN908947.3	22227	C	T	0	0	0	818	154	67	1	818	0	TRUE	cds-QHD43416.1	GCT	A	GTT	V
MN908947.3	22346	G	T	0	0	0	125	61	62	1	125	7.03211e-95	TRUE	cds-QHD43416.1	GCT	A	TCT	S
MN908947.3	22377	C	T	0	0	0	153	52	67	1	153	1.81899e-121	TRUE	cds-QHD43416.1	CCT	P	CTT	L
MN908947.3	23403	A	G	0	0	0	1196	210	68	1	1196	0	TRUE	cds-QHD43416.1	GAT	D	GGT	G
MN908947.3	25538	G	T	0	0	0	1021	162	68	1	1021	0	TRUE	cds-QHD43417.1	GGC	G	GTC	V
MN908947.3	25593	G	C	0	0	0	940	290	62	1	940	0	TRUE	cds-QHD43417.1	AAG	K	AAC	N
MN908947.3	26801	C	G	0	0	0	1109	300	63	1	1109	0	TRUE	cds-QHD43419.1	CTC	L	CTG	L
MN908947.3	28932	C	T	0	0	0	715	150	65	1	715	0	TRUE	cds-QHD43423.2	GCT	A	GTT	V
MN908947.3	29645	G	T	0	0	0	695	136	68	1	695	0	TRUE	cds-QHI42199.1	GTA	V	TTA	L
MN908947.3	29687	A	T	15	0	52	1	0	38	0.0588235	17	0.421053	FALSE	NA	NA	NA	NA	NA
MN908947.3	29687	A	C	15	0	52	1	0	38	0.0588235	17	0.421053	FALSE	NA	NA	NA	NA	NA
