REGION	POS	REF	ALT	REF_DP	REF_RV	REF_QUAL	ALT_DP	ALT_RV	ALT_QUAL	ALT_FREQ	TOTAL_DP	PVAL	PASS	GFF_FEATURE	REF_CODON	REF_AA	ALT_CODON	ALT_AA
MN908947.3	241	C	T	0	0	0	1009	229	52	1	1009	0	TRUE	NA	NA	NA	NA	NA
MN908947.3	2706	C	T	3	1	48	1047	180	55	0.997143	1050	0	TRUE	cds-QHD43415.1	ACA	T	ATA	I
MN908947.3	3037	C	T	0	0	0	2186	630	52	1	2186	0	TRUE	cds-QHD43415.1	TTC	F	TTT	F
MN908947.3	6954	T	C	56	20	54	4	2	51	0.0666667	60	0.0210823	FALSE	cds-QHD43415.1	ATA	I	ACA	T
MN908947.3	11417	G	T	12	0	44	2745	542	55	0.995286	2758	0	TRUE	cds-QHD43415.1	GTT	V	TTT	F
MN908947.3	14247	T	C	11	5	52	2790	1108	54	0.996073	2801	0	TRUE	cds-QHD43415.1	GAT	D	GAC	D
MN908947.3	14408	C	T	2	0	49	2557	562	51	0.999218	2559	0	TRUE	cds-QHD43415.1	CCT	P	CTT	L
MN908947.3	20268	A	G	1	0	72	30	10	52	0.967742	31	1.46478e-20	TRUE	cds-QHD43415.1	TTA	L	TTG	L
MN908947.3	21569	G	+T	65	9	55	6	0	20	0.06	100	0.0208951	FALSE	NA	NA	NA	NA	NA
MN908947.3	22673	T	C	194	28	57	221	20	56	0.53253	415	3.12635e-115	TRUE	cds-QHD43416.1	TCC	S	CCC	P
MN908947.3	23403	A	G	0	0	0	1379	485	57	1	1379	0	TRUE	cds-QHD43416.1	GAT	D	GGT	G
MN908947.3	25038	A	T	14	8	53	1835	895	54	0.992428	1849	0	TRUE	cds-QHD43416.1	CAT	H	CTT	L
MN908947.3	25731	C	T	6	1	60	509	125	57	0.986434	516	0	TRUE	cds-QHD43417.1	TAC	Y	TAT	Y
MN908947.3	26467	G	C	32	16	52	3	0	56	0.0857143	35	0.0617482	FALSE	cds-QHD43418.1	GTC	V	CTC	L
MN908947.3	28251	T	G	915	153	52	214	50	49	0.189548	1129	8.07074e-92	TRUE	cds-QHD43422.1	TTC	F	GTC	V
MN908947.3	28253	C	T	8	1	49	1104	226	50	0.992806	1112	0	TRUE	cds-QHD43422.1	TTC	F	TTT	F
MN908947.3	28254	A	C	899	191	51	221	51	49	0.197321	1120	4.35763e-94	TRUE	cds-QHD43422.1	ATC	I	CTC	L
MN908947.3	28833	C	T	1	0	72	131	12	55	0.992424	132	9.96407e-97	TRUE	cds-QHD43423.2	TCA	S	TTA	L
