REGION	POS	REF	ALT	REF_DP	REF_RV	REF_QUAL	ALT_DP	ALT_RV	ALT_QUAL	ALT_FREQ	TOTAL_DP	PVAL	PASS	GFF_FEATURE	REF_CODON	REF_AA	ALT_CODON	ALT_AA
MN908947.3	222	C	T	0	0	0	1293	82	73	1	1293	0	TRUE	NA	NA	NA	NA	NA
MN908947.3	241	C	T	0	0	0	1281	68	72	1	1281	0	TRUE	NA	NA	NA	NA	NA
MN908947.3	445	T	C	1	1	76	589	149	70	0.998305	590	0	TRUE	cds-QHD43415.1	GTT	V	GTC	V
MN908947.3	3037	C	T	0	0	0	50	7	72	1	50	2.5669e-40	TRUE	cds-QHD43415.1	TTC	F	TTT	F
MN908947.3	3085	G	A	38	6	68	6	3	56	0.136364	44	0.00183671	TRUE	cds-QHD43415.1	GAG	E	GAA	E
MN908947.3	3096	C	T	39	10	64	3	0	75	0.0714286	42	0.0464956	FALSE	cds-QHD43415.1	TCA	S	TTA	L
MN908947.3	6286	C	T	0	0	0	2498	983	68	1	2498	0	TRUE	cds-QHD43415.1	ACC	T	ACT	T
MN908947.3	10605	C	T	1172	156	70	87	4	73	0.0691025	1259	1.08712e-41	TRUE	cds-QHD43415.1	CCT	P	CTT	L
MN908947.3	14408	C	T	0	0	0	604	46	74	1	604	0	TRUE	cds-QHD43415.1	CCT	P	CTT	L
MN908947.3	21855	C	T	0	0	0	298	34	72	1	298	1.4645e-242	TRUE	cds-QHD43416.1	TCT	S	TTT	F
MN908947.3	23403	A	G	0	0	0	1906	253	69	1	1906	0	TRUE	cds-QHD43416.1	GAT	D	GGT	G
MN908947.3	25505	A	G	0	0	0	831	146	69	1	831	0	TRUE	cds-QHD43417.1	CAA	Q	CGA	R
MN908947.3	25906	G	C	0	0	0	817	95	65	1	817	0	TRUE	cds-QHD43417.1	GGT	G	CGT	R
MN908947.3	25996	G	T	0	0	0	678	269	66	1	678	0	TRUE	cds-QHD43417.1	GTA	V	TTA	L
MN908947.3	26775	G	T	606	118	67	36	6	68	0.0559876	643	3.74899e-17	TRUE	cds-QHD43419.1	GCT	A	TCT	S
MN908947.3	28253	C	T	1573	152	72	107	7	70	0.0636526	1681	1.21231e-51	TRUE	cds-QHD43422.1	TTC	F	TTT	F
MN908947.3	28651	C	T	0	0	0	485	88	67	1	485	0	TRUE	cds-QHD43423.2	AAC	N	AAT	N
MN908947.3	28869	C	T	0	0	0	335	41	72	1	335	2.09162e-273	TRUE	cds-QHD43423.2	CCA	P	CTA	L
