REGION	POS	REF	ALT	REF_DP	REF_RV	REF_QUAL	ALT_DP	ALT_RV	ALT_QUAL	ALT_FREQ	TOTAL_DP	PVAL	PASS	GFF_FEATURE	REF_CODON	REF_AA	ALT_CODON	ALT_AA
MN908947.3	2129	G	+A	51	4	73	12	0	20	0.12	100	4.92216e-05	TRUE	NA	NA	NA	NA	NA
MN908947.3	4455	C	T	2	1	76	512	179	71	0.996109	514	0	TRUE	cds-QHD43415.1	GCC	A	GTC	V
MN908947.3	6294	T	A	9	1	73	1	1	75	0.1	10	0.344828	FALSE	cds-QHD43415.1	ATA	I	AAA	K
MN908947.3	6696	C	+T	1354	199	72	147	0	20	0.0557029	2639	1.74698e-41	TRUE	NA	NA	NA	NA	NA
MN908947.3	9474	C	-T	38	8	65	4	0	20	0.0588235	68	0.0201195	FALSE	NA	NA	NA	NA	NA
MN908947.3	16999	A	G	16	0	68	2356	176	71	0.992836	2373	0	TRUE	cds-QHD43415.1	ACA	T	GCA	A
MN908947.3	17909	T	+A	26	1	74	4	0	20	0.0769231	52	0.0164719	FALSE	NA	NA	NA	NA	NA
MN908947.3	18060	C	T	1035	611	64	167	85	66	0.138935	1202	2.9098e-77	TRUE	cds-QHD43415.1	CTC	L	CTT	L
MN908947.3	19983	C	+T	548	193	69	67	0	20	0.0647969	1034	3.2272e-20	TRUE	NA	NA	NA	NA	NA
MN908947.3	21664	T	G	32	2	63	2	2	38	0.0588235	34	0.143258	FALSE	cds-QHD43416.1	CGT	R	CGG	R
MN908947.3	21667	T	G	305	276	40	28	28	37	0.0838323	334	8.14091e-10	TRUE	cds-QHD43416.1	GGT	G	GGG	G
MN908947.3	21707	C	T	998	668	70	84	50	69	0.077634	1082	2.7719e-40	TRUE	cds-QHD43416.1	CAT	H	TAT	Y
MN908947.3	22097	C	T	17	10	69	1	1	76	0.0555556	18	0.346154	FALSE	cds-QHD43416.1	CTT	L	TTT	F
MN908947.3	22104	G	A	17	9	69	1	1	76	0.0555556	18	0.346154	FALSE	cds-QHD43416.1	GGA	G	GAA	E
MN908947.3	22311	C	T	13	4	66	1	0	36	0.0714286	14	0.368421	FALSE	cds-QHD43416.1	ACT	T	ATT	I
MN908947.3	22317	G	C	12	3	68	1	1	76	0.0769231	13	0.361111	FALSE	cds-QHD43416.1	GGT	G	GCT	A
MN908947.3	22897	T	A	17	7	63	1	0	38	0.0555556	18	0.382979	FALSE	cds-QHD43416.1	GTT	V	GTA	V
MN908947.3	25784	G	A	13	1	72	1	0	34	0.0714286	14	0.358974	FALSE	cds-QHD43417.1	TGG	W	TAG	*
MN908947.3	25868	C	A	12	0	74	1	1	28	0.0769231	13	0.342105	FALSE	cds-QHD43417.1	CCT	P	CAT	H
MN908947.3	26088	C	T	1	0	62	698	117	72	0.998569	699	0	TRUE	cds-QHD43417.1	ATC	I	ATT	I
MN908947.3	28048	G	C	0	0	0	2174	131	72	0.99954	2175	0	TRUE	cds-QHD43422.1	AGA	R	ACA	T
MN908947.3	28144	T	C	5	2	68	2383	1021	69	0.997906	2388	0	TRUE	cds-QHD43422.1	TTA	L	TCA	S
MN908947.3	29523	C	T	1	1	75	952	289	70	0.998951	953	0	TRUE	cds-QHD43423.2	ACT	T	ATT	I
MN908947.3	29692	G	T	192	49	65	17	6	60	0.0813397	209	2.26223e-08	TRUE	NA	NA	NA	NA	NA
