REGION	POS	REF	ALT	REF_DP	REF_RV	REF_QUAL	ALT_DP	ALT_RV	ALT_QUAL	ALT_FREQ	TOTAL_DP	PVAL	PASS	GFF_FEATURE	REF_CODON	REF_AA	ALT_CODON	ALT_AA
MN908947.3	241	C	T	0	0	0	737	52	71	1	737	0	TRUE	NA	NA	NA	NA	NA
MN908947.3	445	T	C	0	0	0	819	194	69	1	819	0	TRUE	cds-QHD43415.1	GTT	V	GTC	V
MN908947.3	3037	C	T	0	0	0	570	84	70	1	570	0	TRUE	cds-QHD43415.1	TTC	F	TTT	F
MN908947.3	6286	C	T	2	0	74	789	344	69	0.997472	791	0	TRUE	cds-QHD43415.1	ACC	T	ACT	T
MN908947.3	6696	C	+T	633	107	71	113	0	20	0.0893987	1264	1.08939e-37	TRUE	NA	NA	NA	NA	NA
MN908947.3	7850	G	A	0	0	0	526	64	72	1	526	0	TRUE	cds-QHD43415.1	GCT	A	ACT	T
MN908947.3	8905	C	A	37	34	40	154	26	67	0.802083	192	8.33209e-96	TRUE	cds-QHD43415.1	GAC	D	GAA	E
MN908947.3	9489	G	A	71	70	37	942	165	64	0.929911	1013	0	TRUE	cds-QHD43415.1	AGT	S	AAT	N
MN908947.3	14408	C	T	0	0	0	704	87	72	1	704	0	TRUE	cds-QHD43415.1	CCT	P	CTT	L
MN908947.3	19947	G	T	0	0	0	198	79	69	1	198	3.30163e-158	TRUE	cds-QHD43415.1	AAG	K	AAT	N
MN908947.3	21255	G	C	0	0	0	234	44	71	0.995745	235	2.47162e-191	TRUE	cds-QHD43415.1	GCG	A	GCC	A
MN908947.3	22227	C	T	0	0	0	337	60	68	1	337	7.45703e-271	TRUE	cds-QHD43416.1	GCT	A	GTT	V
MN908947.3	23403	A	G	0	0	0	1191	210	69	1	1191	0	TRUE	cds-QHD43416.1	GAT	D	GGT	G
MN908947.3	26527	C	T	1	0	23	848	134	63	0.998822	849	0	TRUE	cds-QHD43419.1	GCA	A	GTA	V
MN908947.3	26844	T	A	19	11	53	4	4	37	0.173913	23	0.0302399	FALSE	cds-QHD43419.1	TCC	S	ACC	T
MN908947.3	27944	C	T	1	0	76	541	205	71	0.998155	542	0	TRUE	cds-QHD43422.1	CAC	H	CAT	H
MN908947.3	28932	C	T	0	0	0	489	58	69	1	489	0	TRUE	cds-QHD43423.2	GCT	A	GTT	V
MN908947.3	29051	C	+A	470	189	62	52	0	20	0.0641975	810	1.02165e-14	TRUE	NA	NA	NA	NA	NA
MN908947.3	29140	G	C	0	0	0	644	124	69	0.996904	646	0	TRUE	cds-QHD43423.2	CAG	Q	CAC	H
MN908947.3	29394	A	G	3	0	71	906	347	69	0.9967	909	0	TRUE	cds-QHD43423.2	AAG	K	AGG	R
MN908947.3	29645	G	T	0	0	0	1218	177	69	0.99918	1219	0	TRUE	cds-QHI42199.1	GTA	V	TTA	L
