REGION	POS	REF	ALT	REF_DP	REF_RV	REF_QUAL	ALT_DP	ALT_RV	ALT_QUAL	ALT_FREQ	TOTAL_DP	PVAL	PASS	GFF_FEATURE	REF_CODON	REF_AA	ALT_CODON	ALT_AA
MN908947.3	241	C	T	1	1	34	1045	57	72	0.999044	1046	0	TRUE	NA	NA	NA	NA	NA
MN908947.3	3037	C	T	0	0	0	562	42	72	1	562	0	TRUE	cds-QHD43415.1	TTC	F	TTT	F
MN908947.3	4860	A	T	1	0	75	1323	327	65	0.998491	1325	0	TRUE	cds-QHD43415.1	GAT	D	GTT	V
MN908947.3	7767	T	C	1	1	69	1153	269	64	0.999133	1154	0	TRUE	cds-QHD43415.1	ATC	I	ACC	T
MN908947.3	8047	C	T	2	0	57	1673	679	64	0.997615	1677	0	TRUE	cds-QHD43415.1	TAC	Y	TAT	Y
MN908947.3	10319	C	T	2	0	61	1356	276	68	0.998527	1358	0	TRUE	cds-QHD43415.1	CTT	L	TTT	F
MN908947.3	14408	C	T	0	0	0	1075	61	74	1	1075	0	TRUE	cds-QHD43415.1	CCT	P	CTT	L
MN908947.3	17104	C	T	3	2	50	2080	952	67	0.99856	2083	0	TRUE	cds-QHD43415.1	CAT	H	TAT	Y
MN908947.3	20268	A	G	0	0	0	338	148	65	1	338	7.32403e-264	TRUE	cds-QHD43415.1	TTA	L	TTG	L
MN908947.3	22879	C	A	1	0	76	500	113	62	0.996016	502	0	TRUE	cds-QHD43416.1	AAC	N	AAA	K
MN908947.3	23403	A	G	0	0	0	1404	236	68	0.999288	1405	0	TRUE	cds-QHD43416.1	GAT	D	GGT	G
MN908947.3	25757	G	T	0	0	0	956	204	70	1	956	0	TRUE	cds-QHD43417.1	AGA	R	ATA	I
MN908947.3	27800	C	A	0	0	0	273	66	63	1	273	2.16746e-209	TRUE	NA	NA	NA	NA	NA
MN908947.3	28373	G	T	1	0	76	1528	245	67	0.999346	1529	0	TRUE	cds-QHD43423.2	GGG	G	TGG	W
MN908947.3	28655	G	T	2	1	56	1214	266	65	0.998355	1216	0	TRUE	cds-QHD43423.2	GAC	D	TAC	Y
MN908947.3	29734	G	C	0	0	0	389	162	67	1	389	5.74658e-308	TRUE	NA	NA	NA	NA	NA
